title,url,thumbnail_url,channel_name,description,views
"Kay Flock - Shake It feat. Cardi B, Dougie B & Bory300 (Official Video)",https://www.youtube.com/watch?v=L7P68k8jWbI,https://i.ytimg.com/vi/L7P68k8jWbI/hqdefault.jpg?sqp=-oaymwEcCPYBEIoBSFXyq4qpAw4IARUAAIhCGAFwAcABBg==&rs=AOn4CLCOp9you3lblmYtPvnHiaVC9j3mIw,Kay Flock,"Stream//Download Kay Flock's ""Shake It"" feat. Cardi B, Dougie B & Bory300 here: https://KayFlock.lnk.to/ShakeIt Stream Kay Flock everywhere: Apple Music: https://KayFlock.lnk.to/AppleMusic...","Kay Flock
2.1M views
1 day ago"
"Becky G, KAROL G - MAMIII (Official Video)",https://www.youtube.com/watch?v=flL8ZMqIWGA,https://i.ytimg.com/vi/flL8ZMqIWGA/hqdefault.jpg?sqp=-oaymwEcCPYBEIoBSFXyq4qpAw4IARUAAIhCGAFwAcABBg==&rs=AOn4CLCnt22HhyEGi-eFvMHGXsuHoh-QSA,Becky G,"""MAMIII"" Available Now: Apple Music: https://BeckyG.lnk.to/MAMIII/applemusic Spotify: https://BeckyG.lnk.to/MAMIII/spotify Amazon: https://BeckyG.lnk.to/MAMIII/amazonmusicstreaming YouTube:...","Becky G
1.8M views
17 hours ago"
Lil Durk - Blocklist (Official Video),https://www.youtube.com/watch?v=uRZajSUEuH8,https://i.ytimg.com/vi/uRZajSUEuH8/hqdefault.jpg?sqp=-oaymwEcCPYBEIoBSFXyq4qpAw4IARUAAIhCGAFwAcABBg==&rs=AOn4CLCW7YO1eHNOtQX_9ycM1Xh5Ol_lXQ,Lil Durk,"7220, the new album from Lil Durk. Available now: https://lildurk.lnk.to/7220 Shot by @JerryPHD Follow Lil Durk: Instagram - https://instagram.com/lildurk Twitter - https://twitter.com/lildurk...","Lil Durk
2.5M views
1 day ago"
The Annoying Kangaroo | Ep. 7 | Afterlife Minecraft SMP,https://www.youtube.com/watch?v=7gICBs-sUHc,,LDShadowLady,"Please *boop* the like button if you enjoy the video! :) Welcome to Afterlife SMP, a new Minecraft SMP. A modded multiplayer server with friends based around the Minecraft Origins Mod You...","LDShadowLady
749K views
17 hours ago"
Morgan Wallen - Don't Think Jesus (Lyric Video),https://www.youtube.com/watch?v=-5ub0FEDVpY,,Morgan Wallen,Listen to Don't Think Jesus now: https://morganwallen.lnk.to/DontThinkJesus Stay connected for exclusive updates: ‚ñ∏Mailing List: https://bit.ly/2FRP7LK ‚ñ∏Text: 865-351-6290 ‚ñ∏Website:...,"Morgan Wallen
520K views
1 day ago"
Gucci Mane - Serial Killers [Official Music Video],https://www.youtube.com/watch?v=Jzf917KYNH0,,Gucci Mane,Gucci Mane - Serial Killers Download/Stream - https://guccimane.lnk.to/SerialKillers Subscribe for more official content from Gucci Mane: https://Atlantic.lnk.to/GMsubscribe Follow Gucci...,"Gucci Mane
937K views
1 day ago"
NoCap - Very Special (Official Video),https://www.youtube.com/watch?v=Ld7uKSsLJO4,,NoCap,NoCap - Presave/Preorder Mr. Crawford - https://nocap.lnk.to/mrcrawford Subscribe for more official content from NoCap: https://nocap.lnk.to/YouTubeAY Follow NoCap: http://instagram.com/thebac...,"NoCap
559K views
1 day ago"
How I Won A Lamborghini From MrBeast,https://www.youtube.com/watch?v=W2afl71B7t8,,Fidias,go to the youtube course website now link here https://youtubeuniversity.art/,"Fidias
901K views
20 hours ago"
Barcelona vs. Eintracht Frankfurt: Extended Highlights | Quarter Final - 2nd Leg | CBS Sports Golazo,https://www.youtube.com/watch?v=YLrvofCVCHE,,CBS Sports Golazo - Europe,"A 1-1 draw in Germany leads to a crucial return leg at the Nou Camp, as Barcelona look to build on their momentum as they host Eintracht Frankfurt. Stream UEFA Matches on Paramount+: https://www....","CBS Sports Golazo - Europe
‚Ä¢
738K views
1 day ago"
Fredo Bang - Last One Left Feat. Roddy Ricch (Official Video),https://www.youtube.com/watch?v=BRlF7kBJBPw,,Fredo Bang,Stream/Download https://fredobang.lnk.to/TwoFaceBang2 Text ‚ÄúFredo Bang‚Äù to 225-244-6998 for Exclusive Updates ü¶ç Follow Fredo Bang: Instagram: https://instagram.com/fredobang Facebook:...,"Fredo Bang
439K views
1 day ago"
